run_id,seed,model_id,feature_set,algorithm,n_features,cv_auc_roc,best_params_json,auc_roc,auc_pr,accuracy,precision,recall,specificity,f1,mcc,brier_score
1,43,Model_A_catboost,A,catboost,20,0.88491382451114,"{""depth"": 7, ""iterations"": 490, ""l2_leaf_reg"": 2.1583055424666098, ""learning_rate"": 0.05710919544798494}",0.8142441860465116,0.6984021799561345,0.7777777777777778,0.7,0.525,0.8953488372093024,0.6,0.4594019431269716,0.16833768653954195
1,43,Model_A_lightgbm,A,lightgbm,20,0.8716968129719809,"{""colsample_bytree"": 0.6245962532396887, ""learning_rate"": 0.137903379676757, ""min_child_samples"": 17, ""n_estimators"": 477, ""num_leaves"": 70, ""reg_alpha"": 3.5460695173374113, ""reg_lambda"": 1.1473128633819556, ""subsample"": 0.9953782491846972}",0.8531976744186046,0.7644994636454362,0.8015873015873016,0.7027027027027027,0.65,0.872093023255814,0.6753246753246753,0.5336189521389046,0.13497521739164542
1,43,Model_A_random_forest,A,random_forest,20,0.8787202277135163,"{""class_weight"": null, ""max_depth"": 13, ""min_samples_leaf"": 2, ""min_samples_split"": 15, ""n_estimators"": 124}",0.8645348837209302,0.785973852342035,0.8253968253968254,0.7647058823529411,0.65,0.9069767441860465,0.7027027027027027,0.5840942235426165,0.13232189735465882
1,43,Model_A_xgboost,A,xgboost,20,0.8532377240430933,"{""colsample_bytree"": 0.8792286178406238, ""gamma"": 0.4359433535403013, ""learning_rate"": 0.01000823361790093, ""max_depth"": 10, ""min_child_weight"": 1, ""n_estimators"": 227, ""scale_pos_weight"": 3.7473010925176795, ""subsample"": 0.6396030962056446}",0.8421511627906977,0.7545227576262364,0.7301587301587301,0.5535714285714286,0.775,0.7093023255813954,0.6458333333333334,0.4536832467394989,0.17127026875544848
1,43,Model_B_catboost,B,catboost,33,0.8796099274287194,"{""depth"": 4, ""iterations"": 439, ""l2_leaf_reg"": 3.3169061179437906, ""learning_rate"": 0.1831848844455835}",0.7752906976744186,0.6665255422243469,0.7619047619047619,0.6785714285714286,0.475,0.8953488372093024,0.5588235294117647,0.4146657381778782,0.19265960669249002
1,43,Model_B_lightgbm,B,lightgbm,33,0.8684550580523734,"{""colsample_bytree"": 0.630505254055854, ""learning_rate"": 0.2548898721971072, ""min_child_samples"": 23, ""n_estimators"": 289, ""num_leaves"": 50, ""reg_alpha"": 3.937258525905247, ""reg_lambda"": 3.5137875692015195, ""subsample"": 0.6346580358603986}",0.8267441860465117,0.7300679126183351,0.7857142857142857,0.6326530612244898,0.775,0.7906976744186046,0.6966292134831461,0.540157253074443,0.15757775128451856
1,43,Model_B_random_forest,B,random_forest,33,0.8605157816567213,"{""class_weight"": ""balanced"", ""max_depth"": 3, ""min_samples_leaf"": 6, ""min_samples_split"": 15, ""n_estimators"": 347}",0.8558139534883721,0.7675941488862152,0.7619047619047619,0.5833333333333334,0.875,0.7093023255813954,0.7,0.5445894743384724,0.17494532557350517
1,43,Model_B_xgboost,B,xgboost,33,0.8633482475764356,"{""colsample_bytree"": 0.895974532883788, ""gamma"": 0.1295701180344028, ""learning_rate"": 0.15885914859747594, ""max_depth"": 9, ""min_child_weight"": 2, ""n_estimators"": 211, ""scale_pos_weight"": 4.310050202928353, ""subsample"": 0.9324393208421807}",0.7302325581395349,0.6510316325365586,0.7063492063492064,0.5306122448979592,0.65,0.7325581395348837,0.5842696629213483,0.3652861999208463,0.2281122225278235
2,44,Model_A_catboost,A,catboost,20,0.8828433492863024,"{""depth"": 4, ""iterations"": 212, ""l2_leaf_reg"": 9.41577732785722, ""learning_rate"": 0.057276907097892814}",0.8357558139534883,0.7324097473128577,0.7936507936507936,0.75,0.525,0.9186046511627907,0.6176470588235294,0.4966875325427333,0.14804713071795192
2,44,Model_A_lightgbm,A,lightgbm,20,0.873483964087991,"{""colsample_bytree"": 0.6453854804479882, ""learning_rate"": 0.2159429180648513, ""min_child_samples"": 28, ""n_estimators"": 483, ""num_leaves"": 86, ""reg_alpha"": 1.0894943467326206, ""reg_lambda"": 4.787360345339587, ""subsample"": 0.7710606084246436}",0.8255813953488372,0.7190757995347775,0.7619047619047619,0.6388888888888888,0.575,0.8488372093023255,0.6052631578947368,0.4367227314739256,0.15679485648675476
2,44,Model_A_random_forest,A,random_forest,20,0.8766354118703112,"{""class_weight"": ""balanced_subsample"", ""max_depth"": 8, ""min_samples_leaf"": 2, ""min_samples_split"": 10, ""n_estimators"": 185}",0.8619186046511628,0.7754777300641023,0.8015873015873016,0.7027027027027027,0.65,0.872093023255814,0.6753246753246753,0.5336189521389046,0.13745710907388162
2,44,Model_A_xgboost,A,xgboost,20,0.8605027975833345,"{""colsample_bytree"": 0.9326708928452869, ""gamma"": 0.12850148291105007, ""learning_rate"": 0.011618055828174954, ""max_depth"": 8, ""min_child_weight"": 5, ""n_estimators"": 122, ""scale_pos_weight"": 2.00249476406026, ""subsample"": 0.7228418731086977}",0.8453488372093022,0.7535660540139214,0.7063492063492064,0.5223880597014925,0.875,0.627906976744186,0.6542056074766355,0.46914109228934003,0.19408673809350796
2,44,Model_B_catboost,B,catboost,33,0.8730483193570442,"{""depth"": 5, ""iterations"": 421, ""l2_leaf_reg"": 7.617717048513098, ""learning_rate"": 0.02107727220876321}",0.831686046511628,0.7407019866370939,0.7619047619047619,0.6470588235294118,0.55,0.8604651162790697,0.5945945945945946,0.43044939647295116,0.1448347319216599
2,44,Model_B_lightgbm,B,lightgbm,33,0.8604727598016189,"{""colsample_bytree"": 0.9956680384389271, ""learning_rate"": 0.09271174662853143, ""min_child_samples"": 40, ""n_estimators"": 137, ""num_leaves"": 107, ""reg_alpha"": 3.5697301243232347, ""reg_lambda"": 3.9327190870735453, ""subsample"": 0.9264488472360968}",0.8238372093023256,0.7304253957249974,0.7777777777777778,0.625,0.75,0.7906976744186046,0.6818181818181818,0.5182816144168882,0.1619524064260446
2,44,Model_B_random_forest,B,random_forest,33,0.8623537063134379,"{""class_weight"": null, ""max_depth"": 9, ""min_samples_leaf"": 5, ""min_samples_split"": 10, ""n_estimators"": 292}",0.859593023255814,0.7821386652787051,0.7777777777777778,0.6071428571428571,0.85,0.7441860465116279,0.7083333333333334,0.5566197817140071,0.1569625859379949
2,44,Model_B_xgboost,B,xgboost,33,0.8609254582408945,"{""colsample_bytree"": 0.9978827407845776, ""gamma"": 0.36657407432995115, ""learning_rate"": 0.01663561384961729, ""max_depth"": 7, ""min_child_weight"": 5, ""n_estimators"": 67, ""scale_pos_weight"": 1.9276847711540495, ""subsample"": 0.6920525831760052}",0.8242732558139534,0.7278671210943035,0.6746031746031746,0.49295774647887325,0.875,0.5813953488372093,0.6306306306306306,0.4283609884295042,0.23116737668517404
3,45,Model_A_catboost,A,catboost,20,0.8796599258008654,"{""depth"": 7, ""iterations"": 190, ""l2_leaf_reg"": 8.605857710242983, ""learning_rate"": 0.26493312818449166}",0.8386627906976744,0.7424876676948786,0.8174603174603174,0.8148148148148148,0.55,0.9418604651162791,0.6567164179104478,0.55798388715335,0.15411701033999517
3,45,Model_A_lightgbm,A,lightgbm,20,0.8641765151832266,"{""colsample_bytree"": 0.6023037132868807, ""learning_rate"": 0.19893559085504198, ""min_child_samples"": 35, ""n_estimators"": 97, ""num_leaves"": 98, ""reg_alpha"": 3.314862548582308, ""reg_lambda"": 4.338957555904791, ""subsample"": 0.927766048970206}",0.8561046511627907,0.7567854345509273,0.8015873015873016,0.6923076923076923,0.675,0.8604651162790697,0.6835443037974683,0.5391610057238437,0.13329849537234162
3,45,Model_A_random_forest,A,random_forest,20,0.8691499966667752,"{""class_weight"": null, ""max_depth"": 9, ""min_samples_leaf"": 3, ""min_samples_split"": 5, ""n_estimators"": 279}",0.8593023255813954,0.7694509760601231,0.8095238095238095,0.7222222222222222,0.65,0.8837209302325582,0.6842105263157895,0.5499471433375359,0.13364063121242012
3,45,Model_A_xgboost,A,xgboost,20,0.8463489948389277,"{""colsample_bytree"": 0.9984099275407397, ""gamma"": 0.2404890972659388, ""learning_rate"": 0.01071129773830361, ""max_depth"": 9, ""min_child_weight"": 7, ""n_estimators"": 106, ""scale_pos_weight"": 3.5155069763483633, ""subsample"": 0.6960630143694213}",0.8648255813953488,0.7830989858318317,0.6984126984126984,0.5142857142857142,0.9,0.6046511627906976,0.6545454545454545,0.4727455680310745,0.23836902989661846
3,45,Model_B_catboost,B,catboost,33,0.8726520144305379,"{""depth"": 6, ""iterations"": 500, ""l2_leaf_reg"": 8.13941021263281, ""learning_rate"": 0.14832613919671497}",0.8186046511627907,0.7261926757485372,0.7936507936507936,0.75,0.525,0.9186046511627907,0.6176470588235294,0.4966875325427333,0.1632087753443664
3,45,Model_B_lightgbm,B,lightgbm,33,0.8767976158915756,"{""colsample_bytree"": 0.8670540862293666, ""learning_rate"": 0.27317318372623983, ""min_child_samples"": 44, ""n_estimators"": 70, ""num_leaves"": 42, ""reg_alpha"": 3.8427687202711405, ""reg_lambda"": 3.5640474224358742, ""subsample"": 0.7566504388796892}",0.8252906976744186,0.7251653827883116,0.7777777777777778,0.6304347826086957,0.725,0.8023255813953488,0.6744186046511628,0.5098402895310651,0.15638670586150377
3,45,Model_B_random_forest,B,random_forest,33,0.8491793290451009,"{""class_weight"": ""balanced"", ""max_depth"": 6, ""min_samples_leaf"": 10, ""min_samples_split"": 8, ""n_estimators"": 301}",0.8674418604651163,0.788670360243797,0.7777777777777778,0.6111111111111112,0.825,0.7558139534883721,0.7021276595744681,0.546327591477222,0.1581284253668679
3,45,Model_B_xgboost,B,xgboost,33,0.8505316105987247,"{""colsample_bytree"": 0.7401850991764907, ""gamma"": 0.4616885346608661, ""learning_rate"": 0.11470490743087608, ""max_depth"": 9, ""min_child_weight"": 3, ""n_estimators"": 78, ""scale_pos_weight"": 4.0479088319073835, ""subsample"": 0.8721139213869683}",0.7813953488372094,0.6765226655002012,0.6825396825396826,0.5,0.675,0.686046511627907,0.574468085106383,0.3396090433507055,0.19945839095556356
4,46,Model_A_catboost,A,catboost,20,0.885761471331941,"{""depth"": 5, ""iterations"": 69, ""l2_leaf_reg"": 4.96780483086824, ""learning_rate"": 0.2817988336716353}",0.7921511627906977,0.6434411833351935,0.7698412698412699,0.6666666666666666,0.55,0.872093023255814,0.6027397260273972,0.4468779754935852,0.18247947003483442
4,46,Model_A_lightgbm,A,lightgbm,20,0.8746837312273554,"{""colsample_bytree"": 0.8283250790565028, ""learning_rate"": 0.1061142219381728, ""min_child_samples"": 33, ""n_estimators"": 64, ""num_leaves"": 91, ""reg_alpha"": 1.957379670149925, ""reg_lambda"": 3.323507924431639, ""subsample"": 0.8507411515516721}",0.8305232558139534,0.7365088479179431,0.7936507936507936,0.6521739130434783,0.75,0.813953488372093,0.6976744186046512,0.5452536723761116,0.14832306401582385
4,46,Model_A_random_forest,A,random_forest,20,0.8749687994654437,"{""class_weight"": null, ""max_depth"": 11, ""min_samples_leaf"": 3, ""min_samples_split"": 12, ""n_estimators"": 471}",0.8543604651162789,0.7700882151434556,0.8174603174603174,0.717948717948718,0.7,0.872093023255814,0.7088607594936709,0.5760417259850839,0.14154100927419028
4,46,Model_A_xgboost,A,xgboost,20,0.8607741065794756,"{""colsample_bytree"": 0.859915509388478, ""gamma"": 0.4053194317192693, ""learning_rate"": 0.013121080085226333, ""max_depth"": 8, ""min_child_weight"": 1, ""n_estimators"": 182, ""scale_pos_weight"": 3.99539553865219, ""subsample"": 0.9469894720772516}",0.8174418604651161,0.7174412568991181,0.7301587301587301,0.5517241379310345,0.8,0.6976744186046512,0.6530612244897959,0.4647892618966501,0.1824459678392836
4,46,Model_B_catboost,B,catboost,33,0.8843316729222769,"{""depth"": 5, ""iterations"": 69, ""l2_leaf_reg"": 4.96780483086824, ""learning_rate"": 0.2817988336716353}",0.8098837209302326,0.6993612045933995,0.7698412698412699,0.6896551724137931,0.5,0.8953488372093024,0.5797101449275363,0.43719463208313475,0.16257193114873267
4,46,Model_B_lightgbm,B,lightgbm,33,0.8749782952803087,"{""colsample_bytree"": 0.6687424258820998, ""learning_rate"": 0.17608214288795476, ""min_child_samples"": 45, ""n_estimators"": 259, ""num_leaves"": 117, ""reg_alpha"": 1.9631710668719191, ""reg_lambda"": 4.570292727750569, ""subsample"": 0.6235927852774132}",0.7813953488372094,0.7020181698924959,0.7222222222222222,0.5531914893617021,0.65,0.7558139534883721,0.5977011494252874,0.39061032822145,0.1778155195811447
4,46,Model_B_random_forest,B,random_forest,33,0.8612332001593748,"{""class_weight"": ""balanced"", ""max_depth"": 8, ""min_samples_leaf"": 2, ""min_samples_split"": 18, ""n_estimators"": 426}",0.8502906976744186,0.7644213596176289,0.7857142857142857,0.6181818181818182,0.85,0.7558139534883721,0.7157894736842105,0.5686014648962336,0.1553668138903773
4,46,Model_B_xgboost,B,xgboost,33,0.8546442673959452,"{""colsample_bytree"": 0.9018076403507529, ""gamma"": 0.003815853161852817, ""learning_rate"": 0.0528434773334047, ""max_depth"": 7, ""min_child_weight"": 1, ""n_estimators"": 138, ""scale_pos_weight"": 2.431039791453121, ""subsample"": 0.7404043647878887}",0.8136627906976744,0.7045854941900398,0.7063492063492064,0.5306122448979592,0.65,0.7325581395348837,0.5842696629213483,0.3652861999208463,0.16934224933244635
5,47,Model_A_catboost,A,catboost,20,0.8829968326612623,"{""depth"": 4, ""iterations"": 374, ""l2_leaf_reg"": 9.468623720121977, ""learning_rate"": 0.1648302735984824}",0.8014534883720931,0.6500582490729948,0.753968253968254,0.6551724137931034,0.475,0.8837209302325582,0.5507246376811594,0.39668983528719726,0.18559911973131954
5,47,Model_A_lightgbm,A,lightgbm,20,0.8803029281217201,"{""colsample_bytree"": 0.7965149870952472, ""learning_rate"": 0.09863699289641394, ""min_child_samples"": 40, ""n_estimators"": 315, ""num_leaves"": 127, ""reg_alpha"": 3.358798082159876, ""reg_lambda"": 3.028723464188439, ""subsample"": 0.8792312339784306}",0.8444767441860465,0.7552876595609521,0.8015873015873016,0.7142857142857143,0.625,0.8837209302325582,0.6666666666666666,0.5286936680472669,0.13998473143907691
5,47,Model_A_random_forest,A,random_forest,20,0.8729727404224048,"{""class_weight"": ""balanced_subsample"", ""max_depth"": 15, ""min_samples_leaf"": 3, ""min_samples_split"": 8, ""n_estimators"": 328}",0.8546511627906976,0.767054765012777,0.7936507936507936,0.7058823529411765,0.6,0.8837209302325582,0.6486486486486487,0.5072718100077839,0.138458891040023
5,47,Model_A_xgboost,A,xgboost,20,0.8616157458439337,"{""colsample_bytree"": 0.8278816955552678, ""gamma"": 0.4839413148104555, ""learning_rate"": 0.010029639328134722, ""max_depth"": 7, ""min_child_weight"": 1, ""n_estimators"": 150, ""scale_pos_weight"": 3.9414761370134186, ""subsample"": 0.628643324157447}",0.8276162790697674,0.7298148266313351,0.7142857142857143,0.5294117647058824,0.9,0.627906976744186,0.6666666666666666,0.4930241236006522,0.20396555014945292
5,47,Model_B_catboost,B,catboost,33,0.8784186871435193,"{""depth"": 5, ""iterations"": 336, ""l2_leaf_reg"": 7.861157045848532, ""learning_rate"": 0.012730323226451068}",0.8375,0.7294611768054784,0.7857142857142857,0.6666666666666666,0.65,0.8488372093023255,0.6582278481012658,0.5022802854626036,0.1440339160031225
5,47,Model_B_lightgbm,B,lightgbm,33,0.8825598313853347,"{""colsample_bytree"": 0.8218413969256352, ""learning_rate"": 0.07292671162363717, ""min_child_samples"": 50, ""n_estimators"": 71, ""num_leaves"": 99, ""reg_alpha"": 2.0503745821053436, ""reg_lambda"": 1.7513234672663414, ""subsample"": 0.6010819704443208}",0.8369186046511629,0.753850756878857,0.753968253968254,0.6097560975609756,0.625,0.813953488372093,0.6172839506172839,0.4361102908434826,0.1527475730178804
5,47,Model_B_random_forest,B,random_forest,33,0.8688391540740534,"{""class_weight"": null, ""max_depth"": 3, ""min_samples_leaf"": 2, ""min_samples_split"": 18, ""n_estimators"": 258}",0.8630813953488372,0.7728421559753862,0.7777777777777778,0.603448275862069,0.875,0.7325581395348837,0.7142857142857143,0.5674121246285039,0.1776880097375695
5,47,Model_B_xgboost,B,xgboost,33,0.8626626109847586,"{""colsample_bytree"": 0.9000288178296927, ""gamma"": 0.46611999426628414, ""learning_rate"": 0.021786769191342682, ""max_depth"": 7, ""min_child_weight"": 7, ""n_estimators"": 159, ""scale_pos_weight"": 3.0372085305643672, ""subsample"": 0.7141100499577534}",0.825,0.7409995101344736,0.6904761904761905,0.5070422535211268,0.9,0.5930232558139535,0.6486486486486487,0.4627390040614262,0.21904474094525353
6,48,Model_A_catboost,A,catboost,20,0.8964367051615374,"{""depth"": 4, ""iterations"": 107, ""l2_leaf_reg"": 3.809589285552369, ""learning_rate"": 0.01408644877942562}",0.8555232558139535,0.761908212965142,0.8015873015873016,0.6415094339622641,0.85,0.7790697674418605,0.7311827956989247,0.5931693063427379,0.14954825152663523
6,48,Model_A_lightgbm,A,lightgbm,20,0.8736554701319803,"{""colsample_bytree"": 0.8788932127489996, ""learning_rate"": 0.09703012740025557, ""min_child_samples"": 42, ""n_estimators"": 104, ""num_leaves"": 114, ""reg_alpha"": 4.9489117979783055, ""reg_lambda"": 1.7005900880142177, ""subsample"": 0.7724103739639}",0.8250000000000001,0.7203033957618392,0.7857142857142857,0.6756756756756757,0.625,0.8604651162790697,0.6493506493506493,0.49618243322492805,0.15110665169119142
6,48,Model_A_random_forest,A,random_forest,20,0.8765675846212759,"{""class_weight"": ""balanced_subsample"", ""max_depth"": 13, ""min_samples_leaf"": 4, ""min_samples_split"": 17, ""n_estimators"": 164}",0.8494186046511628,0.748248970225277,0.8015873015873016,0.6744186046511628,0.725,0.8372093023255814,0.6987951807228916,0.551955384630907,0.14276076170315607
6,48,Model_A_xgboost,A,xgboost,20,0.8656004998286877,"{""colsample_bytree"": 0.765504836977259, ""gamma"": 0.31926050277733814, ""learning_rate"": 0.04377170646763486, ""max_depth"": 7, ""min_child_weight"": 1, ""n_estimators"": 74, ""scale_pos_weight"": 3.8386800720279735, ""subsample"": 0.9325684156147762}",0.811046511627907,0.6851906209060084,0.753968253968254,0.5957446808510638,0.7,0.7790697674418605,0.6436781609195402,0.46112164821557994,0.1668869488105454
6,48,Model_B_catboost,B,catboost,33,0.8902665572128658,"{""depth"": 4, ""iterations"": 112, ""l2_leaf_reg"": 7.3522517425139755, ""learning_rate"": 0.21822460040222855}",0.790406976744186,0.7015856866879466,0.7619047619047619,0.6666666666666666,0.5,0.8837209302325582,0.5714285714285714,0.4193710684146629,0.16534389467877
6,48,Model_B_lightgbm,B,lightgbm,33,0.878742707601768,"{""colsample_bytree"": 0.9982660054997675, ""learning_rate"": 0.10790208466770278, ""min_child_samples"": 50, ""n_estimators"": 338, ""num_leaves"": 129, ""reg_alpha"": 1.443611701771815, ""reg_lambda"": 2.361679528615755, ""subsample"": 0.7404065129503702}",0.7659883720930233,0.6800814848072337,0.6904761904761905,0.5111111111111111,0.575,0.7441860465116279,0.5411764705882353,0.3100804263429628,0.19472404639455737
6,48,Model_B_random_forest,B,random_forest,33,0.8525125538548357,"{""class_weight"": ""balanced"", ""max_depth"": 9, ""min_samples_leaf"": 1, ""min_samples_split"": 11, ""n_estimators"": 447}",0.8497093023255814,0.746374876900153,0.7936507936507936,0.6842105263157895,0.65,0.8604651162790697,0.6666666666666666,0.5177405204029516,0.15888180710070174
6,48,Model_B_xgboost,B,xgboost,33,0.8621889829943521,"{""colsample_bytree"": 0.9642027974020979, ""gamma"": 0.1384181497929211, ""learning_rate"": 0.14378087837584774, ""max_depth"": 8, ""min_child_weight"": 7, ""n_estimators"": 79, ""scale_pos_weight"": 1.2407079985561964, ""subsample"": 0.9826391142660134}",0.7572674418604651,0.669404113282424,0.6746031746031746,0.4909090909090909,0.675,0.6744186046511628,0.5684210526315789,0.32795535547277965,0.20734090447115697
7,49,Model_A_catboost,A,catboost,20,0.8986833374417267,"{""depth"": 5, ""iterations"": 172, ""l2_leaf_reg"": 5.467420832738959, ""learning_rate"": 0.01215231794432009}",0.8555232558139535,0.7784768295583009,0.8492063492063492,0.7560975609756098,0.775,0.8837209302325582,0.7654320987654321,0.6544542510273719,0.13402075325158122
7,49,Model_A_lightgbm,A,lightgbm,20,0.8678139936529199,"{""colsample_bytree"": 0.715703007664354, ""learning_rate"": 0.20786219428520963, ""min_child_samples"": 15, ""n_estimators"": 410, ""num_leaves"": 130, ""reg_alpha"": 0.2614708736422998, ""reg_lambda"": 3.71056235431415, ""subsample"": 0.7976647378832624}",0.8090116279069767,0.7010402403608303,0.7777777777777778,0.6764705882352942,0.575,0.872093023255814,0.6216216216216216,0.4688606032403675,0.17170113925381883
7,49,Model_A_random_forest,A,random_forest,20,0.8742118473662097,"{""class_weight"": ""balanced_subsample"", ""max_depth"": 14, ""min_samples_leaf"": 4, ""min_samples_split"": 12, ""n_estimators"": 312}",0.8607558139534884,0.7832926132947394,0.8095238095238095,0.7,0.7,0.8604651162790697,0.7,0.5604651162790698,0.1342477820779811
7,49,Model_A_xgboost,A,xgboost,20,0.8556705905699195,"{""colsample_bytree"": 0.601559853490403, ""gamma"": 0.019655060187124512, ""learning_rate"": 0.01069422436525129, ""max_depth"": 3, ""min_child_weight"": 1, ""n_estimators"": 341, ""scale_pos_weight"": 1.02373311279215, ""subsample"": 0.6398836144423926}",0.8555232558139536,0.7711921240645213,0.8095238095238095,0.7105263157894737,0.675,0.872093023255814,0.6923076923076923,0.5548904666277648,0.13326755919044025
7,49,Model_B_catboost,B,catboost,33,0.8814552161867598,"{""depth"": 8, ""iterations"": 192, ""l2_leaf_reg"": 5.156462020730929, ""learning_rate"": 0.04211627824653952}",0.8258720930232558,0.7389154338829946,0.753968253968254,0.6285714285714286,0.55,0.8488372093023255,0.5866666666666667,0.4144958357490573,0.14805271259856762
7,49,Model_B_lightgbm,B,lightgbm,33,0.8690794563277785,"{""colsample_bytree"": 0.8482651531853652, ""learning_rate"": 0.2646893440787837, ""min_child_samples"": 47, ""n_estimators"": 385, ""num_leaves"": 46, ""reg_alpha"": 4.983475994870166, ""reg_lambda"": 2.4540463772803345, ""subsample"": 0.9071179644412126}",0.8181686046511628,0.7080918234110365,0.753968253968254,0.6216216216216216,0.575,0.8372093023255814,0.5974025974025974,0.4213093953969748,0.15799118184766378
7,49,Model_B_random_forest,B,random_forest,33,0.8630164754325829,"{""class_weight"": ""balanced_subsample"", ""max_depth"": 6, ""min_samples_leaf"": 2, ""min_samples_split"": 17, ""n_estimators"": 434}",0.8575581395348836,0.7654240467441766,0.7857142857142857,0.6226415094339622,0.825,0.7674418604651163,0.7096774193548387,0.5586317219623382,0.15393513507938195
7,49,Model_B_xgboost,B,xgboost,33,0.8611711866745424,"{""colsample_bytree"": 0.9923980371665171, ""gamma"": 0.3309829356280429, ""learning_rate"": 0.2613669839449201, ""max_depth"": 7, ""min_child_weight"": 5, ""n_estimators"": 63, ""scale_pos_weight"": 4.705081531714262, ""subsample"": 0.648416371712383}",0.7758720930232558,0.6833331979959252,0.6984126984126984,0.5178571428571429,0.725,0.686046511627907,0.6041666666666666,0.3850588900898268,0.22734058624441345
8,50,Model_A_catboost,A,catboost,20,0.8871414651615994,"{""depth"": 5, ""iterations"": 205, ""l2_leaf_reg"": 4.350160638468137, ""learning_rate"": 0.01797113858343098}",0.8389534883720932,0.7490273828122447,0.8015873015873016,0.7142857142857143,0.625,0.8837209302325582,0.6666666666666666,0.5286936680472669,0.13926168793114255
8,50,Model_A_lightgbm,A,lightgbm,20,0.8730020030355601,"{""colsample_bytree"": 0.7775691905022211, ""learning_rate"": 0.01073128249053723, ""min_child_samples"": 30, ""n_estimators"": 200, ""num_leaves"": 103, ""reg_alpha"": 2.5460527821741854, ""reg_lambda"": 3.2732477779857625, ""subsample"": 0.6909714117570925}",0.846656976744186,0.7297780731697422,0.7698412698412699,0.6170212765957447,0.725,0.7906976744186046,0.6666666666666666,0.4963773082126449,0.16212338061748868
8,50,Model_A_random_forest,A,random_forest,20,0.8732665293067978,"{""class_weight"": ""balanced_subsample"", ""max_depth"": 11, ""min_samples_leaf"": 2, ""min_samples_split"": 19, ""n_estimators"": 124}",0.847093023255814,0.7517803781633179,0.7857142857142857,0.696969696969697,0.575,0.8837209302325582,0.6301369863013698,0.4856566427884831,0.14136946149630406
8,50,Model_A_xgboost,A,xgboost,20,0.8525389095858894,"{""colsample_bytree"": 0.9718897916174267, ""gamma"": 0.13846293325196682, ""learning_rate"": 0.01073128249053723, ""max_depth"": 8, ""min_child_weight"": 1, ""n_estimators"": 82, ""scale_pos_weight"": 4.285338135556333, ""subsample"": 0.6001745111046273}",0.8104651162790699,0.6909161015168139,0.5793650793650794,0.42696629213483145,0.95,0.4069767441860465,0.5891472868217055,0.3648575017965339,0.26087945152053893
8,50,Model_B_catboost,B,catboost,33,0.8775958457166511,"{""depth"": 4, ""iterations"": 59, ""l2_leaf_reg"": 1.5136323210320723, ""learning_rate"": 0.056630354596850195}",0.8488372093023256,0.7333782444834944,0.8253968253968254,0.725,0.725,0.872093023255814,0.725,0.5970930232558139,0.14320527048277126
8,50,Model_B_lightgbm,B,lightgbm,33,0.8605640358996064,"{""colsample_bytree"": 0.7318851166520753, ""learning_rate"": 0.16804576611060124, ""min_child_samples"": 21, ""n_estimators"": 473, ""num_leaves"": 105, ""reg_alpha"": 1.5703742520005841, ""reg_lambda"": 3.2732477779857625, ""subsample"": 0.7186566765932646}",0.7578488372093023,0.6662458268022571,0.746031746031746,0.5909090909090909,0.65,0.7906976744186046,0.6190476190476191,0.43031522839924713,0.18338801031285798
8,50,Model_B_random_forest,B,random_forest,33,0.8422927315544766,"{""class_weight"": ""balanced_subsample"", ""max_depth"": 7, ""min_samples_leaf"": 9, ""min_samples_split"": 11, ""n_estimators"": 404}",0.8526162790697674,0.7491321558244969,0.7857142857142857,0.6140350877192983,0.875,0.7441860465116279,0.7216494845360825,0.5790797909522378,0.16972181064017192
8,50,Model_B_xgboost,B,xgboost,33,0.8489496853590813,"{""colsample_bytree"": 0.7876054041896873, ""gamma"": 0.04373881237245547, ""learning_rate"": 0.11543874131327601, ""max_depth"": 9, ""min_child_weight"": 4, ""n_estimators"": 54, ""scale_pos_weight"": 3.583244741810399, ""subsample"": 0.848053513763314}",0.7401162790697674,0.6566353904469546,0.6111111111111112,0.4307692307692308,0.7,0.5697674418604651,0.5333333333333333,0.2512737719314506,0.23194906398809248
9,51,Model_A_catboost,A,catboost,20,0.8947193192159635,"{""depth"": 4, ""iterations"": 60, ""l2_leaf_reg"": 9.273408092259185, ""learning_rate"": 0.012788201846348986}",0.8747093023255813,0.8064602417677893,0.8253968253968254,0.68,0.85,0.813953488372093,0.7555555555555555,0.6317206593361251,0.1543683342943582
9,51,Model_A_lightgbm,A,lightgbm,20,0.8698656710401675,"{""colsample_bytree"": 0.6773446395882043, ""learning_rate"": 0.18243283282755834, ""min_child_samples"": 21, ""n_estimators"": 374, ""num_leaves"": 137, ""reg_alpha"": 1.130893807621441, ""reg_lambda"": 2.0513154997682936, ""subsample"": 0.6659883532509417}",0.8130813953488373,0.7204853643493938,0.7857142857142857,0.696969696969697,0.575,0.8837209302325582,0.6301369863013698,0.4856566427884831,0.15615841843836328
9,51,Model_A_random_forest,A,random_forest,20,0.876462161697061,"{""class_weight"": ""balanced_subsample"", ""max_depth"": 14, ""min_samples_leaf"": 2, ""min_samples_split"": 15, ""n_estimators"": 301}",0.8569767441860465,0.7811052768678576,0.8174603174603174,0.7741935483870968,0.6,0.9186046511627907,0.676056338028169,0.5604965957481842,0.1375846637704873
9,51,Model_A_xgboost,A,xgboost,20,0.8595894552270391,"{""colsample_bytree"": 0.8102446263723047, ""gamma"": 0.22271046881684803, ""learning_rate"": 0.011276575905234587, ""max_depth"": 6, ""min_child_weight"": 1, ""n_estimators"": 101, ""scale_pos_weight"": 4.492807697585554, ""subsample"": 0.6137830564074769}",0.8456395348837209,0.7679506279755406,0.6587301587301587,0.4805194805194805,0.925,0.5348837209302325,0.6324786324786325,0.4391206445856982,0.22515236558594698
9,51,Model_B_catboost,B,catboost,33,0.881857334877469,"{""depth"": 5, ""iterations"": 221, ""l2_leaf_reg"": 1.0223067834872541, ""learning_rate"": 0.01692628215246364}",0.8529069767441861,0.7649300997274319,0.8095238095238095,0.7105263157894737,0.675,0.872093023255814,0.6923076923076923,0.5548904666277648,0.13420940148127855
9,51,Model_B_lightgbm,B,lightgbm,33,0.87315548641052,"{""colsample_bytree"": 0.6259543780866247, ""learning_rate"": 0.25366783082825495, ""min_child_samples"": 45, ""n_estimators"": 431, ""num_leaves"": 38, ""reg_alpha"": 3.2240414853806363, ""reg_lambda"": 1.7064827437330647, ""subsample"": 0.7085022086571822}",0.8279069767441861,0.7350802537790178,0.7698412698412699,0.6078431372549019,0.775,0.7674418604651163,0.6813186813186813,0.5144186417575554,0.15997183877840568
9,51,Model_B_random_forest,B,random_forest,33,0.8517366101258719,"{""class_weight"": ""balanced"", ""max_depth"": 14, ""min_samples_leaf"": 6, ""min_samples_split"": 20, ""n_estimators"": 185}",0.8654069767441861,0.7801469195935482,0.7777777777777778,0.6071428571428571,0.85,0.7441860465116279,0.7083333333333334,0.5566197817140071,0.15137675233156309
9,51,Model_B_xgboost,B,xgboost,33,0.8566329623376603,"{""colsample_bytree"": 0.9797351226600021, ""gamma"": 0.07883508438688197, ""learning_rate"": 0.022966532838854352, ""max_depth"": 8, ""min_child_weight"": 5, ""n_estimators"": 204, ""scale_pos_weight"": 2.5518918496910494, ""subsample"": 0.7136851994961158}",0.8340116279069768,0.7498450132740884,0.746031746031746,0.5666666666666667,0.85,0.6976744186046512,0.68,0.5104510296784488,0.1844703910475648
10,52,Model_A_catboost,A,catboost,20,0.875912567187735,"{""depth"": 6, ""iterations"": 53, ""l2_leaf_reg"": 1.7922677535908949, ""learning_rate"": 0.043927647748842336}",0.8494186046511627,0.7556760662244618,0.7936507936507936,0.6944444444444444,0.625,0.872093023255814,0.6578947368421053,0.5122056727163324,0.1395874778811441
10,52,Model_A_lightgbm,A,lightgbm,20,0.8728355355872135,"{""colsample_bytree"": 0.7004852523818998, ""learning_rate"": 0.1442822690317154, ""min_child_samples"": 34, ""n_estimators"": 425, ""num_leaves"": 86, ""reg_alpha"": 0.9933930510574351, ""reg_lambda"": 2.9946185710526407, ""subsample"": 0.7009715602954052}",0.8145348837209303,0.7072320825164866,0.7619047619047619,0.6470588235294118,0.55,0.8604651162790697,0.5945945945945946,0.43044939647295116,0.16254406879823138
10,52,Model_A_random_forest,A,random_forest,20,0.8728409617671363,"{""class_weight"": null, ""max_depth"": 10, ""min_samples_leaf"": 9, ""min_samples_split"": 4, ""n_estimators"": 67}",0.8656976744186046,0.7562761777242629,0.8333333333333334,0.7111111111111111,0.8,0.8488372093023255,0.7529411764705882,0.6303274240414326,0.139525464559071
10,52,Model_A_xgboost,A,xgboost,20,0.851544755907172,"{""colsample_bytree"": 0.7046567397278083, ""gamma"": 0.24923926600587892, ""learning_rate"": 0.1252140484759339, ""max_depth"": 9, ""min_child_weight"": 3, ""n_estimators"": 101, ""scale_pos_weight"": 2.023276255707824, ""subsample"": 0.677498525799184}",0.819186046511628,0.7037990956810191,0.7142857142857143,0.5416666666666666,0.65,0.7441860465116279,0.5909090909090909,0.3778440156716669,0.17340909920422853
10,52,Model_B_catboost,B,catboost,33,0.8779733528055675,"{""depth"": 4, ""iterations"": 393, ""l2_leaf_reg"": 6.325969143913396, ""learning_rate"": 0.04170756267511829}",0.8293604651162791,0.7327641536421771,0.753968253968254,0.6285714285714286,0.55,0.8488372093023255,0.5866666666666667,0.4144958357490573,0.14877248494717546
10,52,Model_B_lightgbm,B,lightgbm,33,0.8709615655924381,"{""colsample_bytree"": 0.7314643152460295, ""learning_rate"": 0.1654535743647608, ""min_child_samples"": 42, ""n_estimators"": 396, ""num_leaves"": 92, ""reg_alpha"": 3.963220385592989, ""reg_lambda"": 4.986654417699296, ""subsample"": 0.9063362977246713}",0.8171511627906975,0.7137631881912432,0.746031746031746,0.6,0.6,0.813953488372093,0.6,0.413953488372093,0.1636843924351521
10,52,Model_B_random_forest,B,random_forest,33,0.8466220479643298,"{""class_weight"": ""balanced_subsample"", ""max_depth"": 7, ""min_samples_leaf"": 9, ""min_samples_split"": 5, ""n_estimators"": 394}",0.8587209302325582,0.7657288839213627,0.7857142857142857,0.6140350877192983,0.875,0.7441860465116279,0.7216494845360825,0.5790797909522378,0.17539073177060985
10,52,Model_B_xgboost,B,xgboost,33,0.8466241796778708,"{""colsample_bytree"": 0.7206679314702368, ""gamma"": 0.30616286215631205, ""learning_rate"": 0.02921046817024852, ""max_depth"": 8, ""min_child_weight"": 7, ""n_estimators"": 122, ""scale_pos_weight"": 1.377795554202561, ""subsample"": 0.6394526798381043}",0.853779069767442,0.7709256165781548,0.7619047619047619,0.5833333333333334,0.875,0.7093023255813954,0.7,0.5445894743384724,0.16834206569873536
11,53,Model_A_catboost,A,catboost,20,0.8768012979422376,"{""depth"": 4, ""iterations"": 319, ""l2_leaf_reg"": 8.727296718508546, ""learning_rate"": 0.033713482716699814}",0.8209302325581396,0.6870714475616759,0.7777777777777778,0.6875,0.55,0.8837209302325582,0.6111111111111112,0.46382129688900453,0.15158621967114236
11,53,Model_A_lightgbm,A,lightgbm,20,0.8604347765421592,"{""colsample_bytree"": 0.6200254568470375, ""learning_rate"": 0.11117668419656689, ""min_child_samples"": 43, ""n_estimators"": 164, ""num_leaves"": 115, ""reg_alpha"": 4.269818912007003, ""reg_lambda"": 3.488364825379344, ""subsample"": 0.9307173276066095}",0.844767441860465,0.7519002490541548,0.8095238095238095,0.7,0.7,0.8604651162790697,0.7,0.5604651162790698,0.14218462859684608
11,53,Model_A_random_forest,A,random_forest,20,0.8661012587187084,"{""class_weight"": ""balanced_subsample"", ""max_depth"": 9, ""min_samples_leaf"": 2, ""min_samples_split"": 10, ""n_estimators"": 385}",0.8572674418604652,0.7777374556664284,0.8253968253968254,0.75,0.675,0.8953488372093024,0.7105263157894737,0.5876886139587394,0.13989377361231417
11,53,Model_A_xgboost,A,xgboost,20,0.8401555918334442,"{""colsample_bytree"": 0.6671040938111766, ""gamma"": 0.04269812434700243, ""learning_rate"": 0.11405229357386473, ""max_depth"": 8, ""min_child_weight"": 2, ""n_estimators"": 407, ""scale_pos_weight"": 1.7039253648475243, ""subsample"": 0.6180996829284727}",0.8034883720930233,0.6855274178240454,0.746031746031746,0.6,0.6,0.813953488372093,0.6,0.413953488372093,0.18268759694584352
11,53,Model_B_catboost,B,catboost,33,0.8706733966801081,"{""depth"": 4, ""iterations"": 371, ""l2_leaf_reg"": 5.715167005163904, ""learning_rate"": 0.010950035062243325}",0.8610465116279071,0.7821265238031969,0.8412698412698413,0.717391304347826,0.825,0.8488372093023255,0.7674418604651163,0.6514938209112507,0.1355875854480566
11,53,Model_B_lightgbm,B,lightgbm,33,0.8620560415862428,"{""colsample_bytree"": 0.6601684974997454, ""learning_rate"": 0.025909471646631765, ""min_child_samples"": 41, ""n_estimators"": 87, ""num_leaves"": 90, ""reg_alpha"": 0.830900388721549, ""reg_lambda"": 4.7925954823001184, ""subsample"": 0.756318139985386}",0.8558139534883721,0.753994695602021,0.7698412698412699,0.5932203389830508,0.875,0.7209302325581395,0.7070707070707071,0.5559186353717613,0.1699117988026462
11,53,Model_B_random_forest,B,random_forest,33,0.8453395315811423,"{""class_weight"": ""balanced_subsample"", ""max_depth"": 10, ""min_samples_leaf"": 8, ""min_samples_split"": 20, ""n_estimators"": 471}",0.8627906976744185,0.7713458386525137,0.7857142857142857,0.6140350877192983,0.875,0.7441860465116279,0.7216494845360825,0.5790797909522378,0.17121621468719161
11,53,Model_B_xgboost,B,xgboost,33,0.8443041001765833,"{""colsample_bytree"": 0.8433645719015987, ""gamma"": 0.27057071219727646, ""learning_rate"": 0.0739716229768317, ""max_depth"": 4, ""min_child_weight"": 2, ""n_estimators"": 247, ""scale_pos_weight"": 3.8160809046281585, ""subsample"": 0.9613202097254296}",0.7784883720930232,0.6912414445782044,0.6984126984126984,0.5192307692307693,0.675,0.7093023255813954,0.5869565217391305,0.36335797970948197,0.2115214535462057
12,54,Model_A_catboost,A,catboost,20,0.8925197784258188,"{""depth"": 8, ""iterations"": 428, ""l2_leaf_reg"": 8.365288511983954, ""learning_rate"": 0.027335024330356058}",0.8247093023255814,0.7162736353455426,0.7857142857142857,0.7241379310344828,0.525,0.9069767441860465,0.6086956521739131,0.47769942887907224,0.1501509438351862
12,54,Model_A_lightgbm,A,lightgbm,20,0.874243047900766,"{""colsample_bytree"": 0.6002162702673094, ""learning_rate"": 0.03308325024431182, ""min_child_samples"": 40, ""n_estimators"": 463, ""num_leaves"": 119, ""reg_alpha"": 1.9832397438813043, ""reg_lambda"": 1.0554824920740893, ""subsample"": 0.8116954887516796}",0.8220930232558139,0.7310413675130005,0.7857142857142857,0.7096774193548387,0.55,0.8953488372093024,0.6197183098591549,0.48132330980169186,0.14996878192729682
12,54,Model_A_random_forest,A,random_forest,20,0.8683779287806134,"{""class_weight"": ""balanced_subsample"", ""max_depth"": 10, ""min_samples_leaf"": 3, ""min_samples_split"": 6, ""n_estimators"": 398}",0.858139534883721,0.7754528671277341,0.8095238095238095,0.7222222222222222,0.65,0.8837209302325582,0.6842105263157895,0.5499471433375359,0.13747294797957413
12,54,Model_A_xgboost,A,xgboost,20,0.8440744564905639,"{""colsample_bytree"": 0.909573618265459, ""gamma"": 0.29249931851623134, ""learning_rate"": 0.012593765570768266, ""max_depth"": 8, ""min_child_weight"": 3, ""n_estimators"": 218, ""scale_pos_weight"": 4.6223282700421215, ""subsample"": 0.6799990917707381}",0.8319767441860464,0.7259299019907058,0.746031746031746,0.5625,0.9,0.6744186046511628,0.6923076923076923,0.5348375457090452,0.19609049723133218
12,54,Model_B_catboost,B,catboost,33,0.8807407045662079,"{""depth"": 4, ""iterations"": 413, ""l2_leaf_reg"": 5.612033232084169, ""learning_rate"": 0.06902812497756285}",0.8177325581395348,0.7173484022863958,0.753968253968254,0.6097560975609756,0.625,0.813953488372093,0.6172839506172839,0.4361102908434826,0.16158728808638234
12,54,Model_B_lightgbm,B,lightgbm,33,0.8824602222253228,"{""colsample_bytree"": 0.9558436135394307, ""learning_rate"": 0.26983212945671264, ""min_child_samples"": 41, ""n_estimators"": 493, ""num_leaves"": 37, ""reg_alpha"": 2.398008633802522, ""reg_lambda"": 0.2708232911834283, ""subsample"": 0.7629157245630201}",0.7747093023255814,0.6748593293988867,0.7222222222222222,0.5675675675675675,0.525,0.813953488372093,0.5454545454545454,0.34643635756902164,0.1791508070202135
12,54,Model_B_random_forest,B,random_forest,33,0.8516067693920043,"{""class_weight"": null, ""max_depth"": 11, ""min_samples_leaf"": 1, ""min_samples_split"": 14, ""n_estimators"": 367}",0.8459302325581396,0.7585991893347381,0.753968253968254,0.6153846153846154,0.6,0.8255813953488372,0.6075949367088608,0.4285188449401233,0.1545463400529212
12,54,Model_B_xgboost,B,xgboost,33,0.8707431618505443,"{""colsample_bytree"": 0.9453993276797766, ""gamma"": 0.4573304451859318, ""learning_rate"": 0.27612177501021506, ""max_depth"": 9, ""min_child_weight"": 1, ""n_estimators"": 278, ""scale_pos_weight"": 2.184803484432116, ""subsample"": 0.9302709400791707}",0.7674418604651163,0.683042488735254,0.7301587301587301,0.5789473684210527,0.55,0.813953488372093,0.5641025641025641,0.36914073550369897,0.19300568262042525
13,55,Model_A_catboost,A,catboost,20,0.8819007443168517,"{""depth"": 7, ""iterations"": 247, ""l2_leaf_reg"": 4.2017068687713115, ""learning_rate"": 0.036833077468472517}",0.8340116279069767,0.7086001011543448,0.8095238095238095,0.7857142857142857,0.55,0.9302325581395349,0.6470588235294118,0.5376984297251608,0.14869721495637822
13,55,Model_A_lightgbm,A,lightgbm,20,0.8723053202918976,"{""colsample_bytree"": 0.7013587719696128, ""learning_rate"": 0.0157013768869771, ""min_child_samples"": 22, ""n_estimators"": 211, ""num_leaves"": 65, ""reg_alpha"": 1.2057738561262372, ""reg_lambda"": 4.5496157364008045, ""subsample"": 0.967624796872513}",0.8534883720930232,0.7668154066534258,0.8174603174603174,0.6888888888888889,0.775,0.8372093023255814,0.7294117647058823,0.5947444242971581,0.1393575931326119
13,55,Model_A_random_forest,A,random_forest,20,0.8727223609773946,"{""class_weight"": null, ""max_depth"": 14, ""min_samples_leaf"": 2, ""min_samples_split"": 6, ""n_estimators"": 162}",0.8593023255813953,0.7737442167611053,0.8095238095238095,0.7666666666666667,0.575,0.9186046511627907,0.6571428571428571,0.539463692551589,0.13771536062680742
13,55,Model_A_xgboost,A,xgboost,20,0.8455375871483253,"{""colsample_bytree"": 0.917555313237157, ""gamma"": 0.49213626021085016, ""learning_rate"": 0.18389586954458703, ""max_depth"": 6, ""min_child_weight"": 1, ""n_estimators"": 381, ""scale_pos_weight"": 3.4507384630193534, ""subsample"": 0.9197138689086979}",0.8133720930232559,0.7095975586276586,0.753968253968254,0.6216216216216216,0.575,0.8372093023255814,0.5974025974025974,0.4213093953969748,0.17149353363886854
13,55,Model_B_catboost,B,catboost,33,0.8636191689882965,"{""depth"": 4, ""iterations"": 275, ""l2_leaf_reg"": 9.72774142639306, ""learning_rate"": 0.11271598821026552}",0.8299418604651163,0.7017051727216738,0.7698412698412699,0.6774193548387096,0.525,0.8837209302325582,0.5915492957746479,0.44173666682844565,0.1510917469377848
13,55,Model_B_lightgbm,B,lightgbm,33,0.8724483388912919,"{""colsample_bytree"": 0.6220584325109204, ""learning_rate"": 0.02776033519820227, ""min_child_samples"": 22, ""n_estimators"": 366, ""num_leaves"": 138, ""reg_alpha"": 2.191062321959744, ""reg_lambda"": 1.5709173722025256, ""subsample"": 0.766763783757044}",0.8136627906976744,0.7119294100005275,0.746031746031746,0.5952380952380952,0.625,0.8023255813953488,0.6097560975609756,0.4219624693991106,0.1604118683197989
13,55,Model_B_random_forest,B,random_forest,33,0.8575422350590136,"{""class_weight"": null, ""max_depth"": 8, ""min_samples_leaf"": 2, ""min_samples_split"": 20, ""n_estimators"": 163}",0.8616279069767442,0.7720700590256383,0.8015873015873016,0.6470588235294118,0.825,0.7906976744186046,0.7252747252747253,0.5838899695833345,0.15101960341668388
13,55,Model_B_xgboost,B,xgboost,33,0.8566310244162594,"{""colsample_bytree"": 0.8670093781562878, ""gamma"": 0.4610072920286027, ""learning_rate"": 0.09556975447185204, ""max_depth"": 10, ""min_child_weight"": 2, ""n_estimators"": 107, ""scale_pos_weight"": 4.70956952336599, ""subsample"": 0.9321971407576551}",0.7851744186046511,0.6843165606506211,0.7063492063492064,0.5294117647058824,0.675,0.7209302325581395,0.5934065934065934,0.37547598610599703,0.19277824310279765
14,56,Model_A_catboost,A,catboost,20,0.8745112562226656,"{""depth"": 4, ""iterations"": 228, ""l2_leaf_reg"": 7.907946203220014, ""learning_rate"": 0.056686855490559296}",0.8186046511627907,0.6971618146885962,0.7936507936507936,0.71875,0.575,0.8953488372093024,0.6388888888888888,0.5029911919345907,0.15691152142968268
14,56,Model_A_lightgbm,A,lightgbm,20,0.8674938490374733,"{""colsample_bytree"": 0.6262421975057377, ""learning_rate"": 0.26531217337061686, ""min_child_samples"": 38, ""n_estimators"": 179, ""num_leaves"": 50, ""reg_alpha"": 4.501696835844306, ""reg_lambda"": 1.997805252290489, ""subsample"": 0.8218864296599421}",0.8524709302325582,0.7599218181733249,0.8015873015873016,0.6829268292682927,0.7,0.8488372093023255,0.691358024691358,0.5452822709354272,0.1328140788956073
14,56,Model_A_random_forest,A,random_forest,20,0.8706980082819009,"{""class_weight"": ""balanced_subsample"", ""max_depth"": 13, ""min_samples_leaf"": 4, ""min_samples_split"": 8, ""n_estimators"": 215}",0.859593023255814,0.7696441980296982,0.8253968253968254,0.7368421052631579,0.7,0.8837209302325582,0.717948717948718,0.5920404128525779,0.13452879064388504
14,56,Model_A_xgboost,A,xgboost,20,0.8459641236486874,"{""colsample_bytree"": 0.905552561256148, ""gamma"": 0.4790700603355984, ""learning_rate"": 0.011732287413678493, ""max_depth"": 4, ""min_child_weight"": 5, ""n_estimators"": 82, ""scale_pos_weight"": 1.467873378415131, ""subsample"": 0.6288906098730697}",0.8630813953488371,0.7669722347307572,0.746031746031746,0.5645161290322581,0.875,0.686046511627907,0.6862745098039216,0.5223868740984096,0.19705892199271233
14,56,Model_B_catboost,B,catboost,33,0.8675777610341369,"{""depth"": 4, ""iterations"": 457, ""l2_leaf_reg"": 2.543636753171094, ""learning_rate"": 0.010540269501680077}",0.8438953488372093,0.7461687329311584,0.8015873015873016,0.6744186046511628,0.725,0.8372093023255814,0.6987951807228916,0.551955384630907,0.14118003949065772
14,56,Model_B_lightgbm,B,lightgbm,33,0.8663820635297145,"{""colsample_bytree"": 0.9989998677575119, ""learning_rate"": 0.11237391643694888, ""min_child_samples"": 28, ""n_estimators"": 62, ""num_leaves"": 40, ""reg_alpha"": 4.905098379909625, ""reg_lambda"": 4.731645627629071, ""subsample"": 0.8943977840752912}",0.826889534883721,0.7371061913773715,0.7777777777777778,0.6304347826086957,0.725,0.8023255813953488,0.6744186046511628,0.5098402895310651,0.15590247343141897
14,56,Model_B_random_forest,B,random_forest,33,0.8564182406464286,"{""class_weight"": null, ""max_depth"": 12, ""min_samples_leaf"": 10, ""min_samples_split"": 5, ""n_estimators"": 70}",0.8537790697674419,0.7453942066804013,0.7857142857142857,0.6140350877192983,0.875,0.7441860465116279,0.7216494845360825,0.5790797909522378,0.1619372902046634
14,56,Model_B_xgboost,B,xgboost,33,0.8517180060804221,"{""colsample_bytree"": 0.6787506836611599, ""gamma"": 0.24597128765475046, ""learning_rate"": 0.17468096727398008, ""max_depth"": 8, ""min_child_weight"": 2, ""n_estimators"": 462, ""scale_pos_weight"": 4.929603374982011, ""subsample"": 0.9414011444108046}",0.7738372093023256,0.683858935891059,0.6825396825396826,0.5,0.575,0.7325581395348837,0.5348837209302325,0.2973599924607866,0.21141949670557555
15,57,Model_A_catboost,A,catboost,20,0.8969630446140513,"{""depth"": 6, ""iterations"": 121, ""l2_leaf_reg"": 8.788828105517915, ""learning_rate"": 0.10424282450997005}",0.8061046511627906,0.6927036813562932,0.7619047619047619,0.6785714285714286,0.475,0.8953488372093024,0.5588235294117647,0.4146657381778782,0.16706304313316836
15,57,Model_A_lightgbm,A,lightgbm,20,0.8696745919900282,"{""colsample_bytree"": 0.8900976846956132, ""learning_rate"": 0.11361414455762907, ""min_child_samples"": 22, ""n_estimators"": 86, ""num_leaves"": 64, ""reg_alpha"": 4.447535383050798, ""reg_lambda"": 2.6370068108111058, ""subsample"": 0.969352503815033}",0.8549418604651163,0.7572324420561599,0.8333333333333334,0.7435897435897436,0.725,0.8837209302325582,0.7341772151898734,0.612922446246324,0.13482977530570375
15,57,Model_A_random_forest,A,random_forest,20,0.8757296274074797,"{""class_weight"": null, ""max_depth"": 8, ""min_samples_leaf"": 5, ""min_samples_split"": 2, ""n_estimators"": 301}",0.8668604651162791,0.7968464141329348,0.8333333333333334,0.7317073170731707,0.75,0.872093023255814,0.7407407407407407,0.6180635909967236,0.13504110527170643
15,57,Model_A_xgboost,A,xgboost,20,0.8490553020754363,"{""colsample_bytree"": 0.7831239342348105, ""gamma"": 0.3501544290589352, ""learning_rate"": 0.039550804459734856, ""max_depth"": 4, ""min_child_weight"": 6, ""n_estimators"": 151, ""scale_pos_weight"": 2.619246556236298, ""subsample"": 0.6503649550586335}",0.8421511627906977,0.7382541050498777,0.7380952380952381,0.559322033898305,0.825,0.6976744186046512,0.6666666666666666,0.4875813201943546,0.16954254016949336
15,57,Model_B_catboost,B,catboost,33,0.8786748803527327,"{""depth"": 4, ""iterations"": 54, ""l2_leaf_reg"": 8.051818841264136, ""learning_rate"": 0.021862984399306812}",0.8693313953488372,0.7542194794468106,0.7857142857142857,0.6226415094339622,0.825,0.7674418604651163,0.7096774193548387,0.5586317219623382,0.1539025907198099
15,57,Model_B_lightgbm,B,lightgbm,33,0.8746593134177026,"{""colsample_bytree"": 0.8658941518678694, ""learning_rate"": 0.27886397403434293, ""min_child_samples"": 36, ""n_estimators"": 399, ""num_leaves"": 57, ""reg_alpha"": 0.6728415722532533, ""reg_lambda"": 2.473314222977497, ""subsample"": 0.71442513766214}",0.7593023255813954,0.6701013114488316,0.7301587301587301,0.5789473684210527,0.55,0.813953488372093,0.5641025641025641,0.36914073550369897,0.1948103233169037
15,57,Model_B_random_forest,B,random_forest,33,0.8626982687385372,"{""class_weight"": null, ""max_depth"": 7, ""min_samples_leaf"": 9, ""min_samples_split"": 18, ""n_estimators"": 343}",0.8642441860465117,0.7704107134247696,0.7857142857142857,0.6140350877192983,0.875,0.7441860465116279,0.7216494845360825,0.5790797909522378,0.1629026297319936
15,57,Model_B_xgboost,B,xgboost,33,0.8527951027951027,"{""colsample_bytree"": 0.957304492883958, ""gamma"": 0.46280349511206786, ""learning_rate"": 0.03699078061932556, ""max_depth"": 9, ""min_child_weight"": 3, ""n_estimators"": 223, ""scale_pos_weight"": 4.816910100034836, ""subsample"": 0.969714735557119}",0.7747093023255814,0.674238033549738,0.6587301587301587,0.47368421052631576,0.675,0.6511627906976745,0.5567010309278351,0.30503639692413653,0.2152354722546337
16,58,Model_A_catboost,A,catboost,20,0.8845126747811312,"{""depth"": 8, ""iterations"": 498, ""l2_leaf_reg"": 6.362277731832039, ""learning_rate"": 0.19590339837270151}",0.8255813953488372,0.7090767180749532,0.7936507936507936,0.7333333333333333,0.55,0.9069767441860465,0.6285714285714286,0.4994328178392803,0.16882012169944205
16,58,Model_A_lightgbm,A,lightgbm,20,0.8598634773131417,"{""colsample_bytree"": 0.8898817080932204, ""learning_rate"": 0.21088955320891997, ""min_child_samples"": 24, ""n_estimators"": 157, ""num_leaves"": 87, ""reg_alpha"": 0.2695229557705394, ""reg_lambda"": 4.051250488659434, ""subsample"": 0.71205377468474}",0.8034883720930233,0.6802569538025139,0.7698412698412699,0.6571428571428571,0.575,0.8604651162790697,0.6133333333333333,0.4525617798484605,0.17293151748020902
16,58,Model_A_random_forest,A,random_forest,20,0.8806314057991909,"{""class_weight"": null, ""max_depth"": 5, ""min_samples_leaf"": 3, ""min_samples_split"": 18, ""n_estimators"": 166}",0.8625,0.7845748122955403,0.8095238095238095,0.66,0.825,0.8023255813953488,0.7333333333333333,0.5968709206862337,0.13926700834495503
16,58,Model_A_xgboost,A,xgboost,20,0.8521474494628857,"{""colsample_bytree"": 0.6315099987064643, ""gamma"": 0.4804934769839583, ""learning_rate"": 0.2688101511734996, ""max_depth"": 5, ""min_child_weight"": 1, ""n_estimators"": 490, ""scale_pos_weight"": 2.7106536398287857, ""subsample"": 0.7692733809186267}",0.8084302325581395,0.6651578036321517,0.746031746031746,0.6111111111111112,0.55,0.8372093023255814,0.5789473684210527,0.3989812608527221,0.18893806398735033
16,58,Model_B_catboost,B,catboost,33,0.8743850975394599,"{""depth"": 4, ""iterations"": 109, ""l2_leaf_reg"": 7.2702923748851935, ""learning_rate"": 0.1752540557748305}",0.8200581395348837,0.7244821485127141,0.8015873015873016,0.8,0.5,0.9418604651162791,0.6153846153846154,0.5157433957772213,0.15503113140034083
16,58,Model_B_lightgbm,B,lightgbm,33,0.8711669852609449,"{""colsample_bytree"": 0.8774059496945047, ""learning_rate"": 0.27830311662142215, ""min_child_samples"": 27, ""n_estimators"": 361, ""num_leaves"": 89, ""reg_alpha"": 3.0263330411310543, ""reg_lambda"": 3.1013502404670112, ""subsample"": 0.6336335386217079}",0.8046511627906977,0.7152042804140415,0.746031746031746,0.5909090909090909,0.65,0.7906976744186046,0.6190476190476191,0.43031522839924713,0.16853732350986017
16,58,Model_B_random_forest,B,random_forest,33,0.8551469642073669,"{""class_weight"": ""balanced"", ""max_depth"": 7, ""min_samples_leaf"": 9, ""min_samples_split"": 10, ""n_estimators"": 184}",0.8616279069767441,0.7756560348367268,0.7857142857142857,0.6140350877192983,0.875,0.7441860465116279,0.7216494845360825,0.5790797909522378,0.1645840667495826
16,58,Model_B_xgboost,B,xgboost,33,0.8570170583593402,"{""colsample_bytree"": 0.7379956493140116, ""gamma"": 0.04546837955430855, ""learning_rate"": 0.030502112893630032, ""max_depth"": 7, ""min_child_weight"": 2, ""n_estimators"": 287, ""scale_pos_weight"": 4.701829925975741, ""subsample"": 0.8432212314717459}",0.8093023255813954,0.7195894603342754,0.7142857142857143,0.5370370370370371,0.725,0.7093023255813954,0.6170212765957447,0.4085152260595443,0.18955826404797047
17,59,Model_A_catboost,A,catboost,20,0.8874993992443656,"{""depth"": 4, ""iterations"": 269, ""l2_leaf_reg"": 9.409435356662495, ""learning_rate"": 0.0100862943130548}",0.8694767441860465,0.7957749304304674,0.8412698412698413,0.75,0.75,0.8837209302325582,0.75,0.6337209302325582,0.12742826257891465
17,59,Model_A_lightgbm,A,lightgbm,20,0.8759904716280555,"{""colsample_bytree"": 0.7398493702376678, ""learning_rate"": 0.04807085989389476, ""min_child_samples"": 26, ""n_estimators"": 370, ""num_leaves"": 44, ""reg_alpha"": 4.545767025045813, ""reg_lambda"": 3.5614285144781794, ""subsample"": 0.6780859941704356}",0.8625,0.7869963987302319,0.8412698412698413,0.75,0.75,0.8837209302325582,0.75,0.6337209302325582,0.12914934643454745
17,59,Model_A_random_forest,A,random_forest,20,0.8713061280175374,"{""class_weight"": ""balanced_subsample"", ""max_depth"": 15, ""min_samples_leaf"": 3, ""min_samples_split"": 9, ""n_estimators"": 302}",0.8688953488372093,0.8009775592776672,0.8253968253968254,0.7647058823529411,0.65,0.9069767441860465,0.7027027027027027,0.5840942235426165,0.13380601321976635
17,59,Model_A_xgboost,A,xgboost,20,0.8505730821167063,"{""colsample_bytree"": 0.8495086489149958, ""gamma"": 0.40016233352829106, ""learning_rate"": 0.010033052787162593, ""max_depth"": 8, ""min_child_weight"": 1, ""n_estimators"": 235, ""scale_pos_weight"": 1.5984833823811861, ""subsample"": 0.6456462844528525}",0.8534883720930232,0.777651090564428,0.7698412698412699,0.6222222222222222,0.7,0.8023255813953488,0.6588235294117647,0.4879954250643349,0.14360427680295434
17,59,Model_B_catboost,B,catboost,33,0.8767825001046476,"{""depth"": 6, ""iterations"": 211, ""l2_leaf_reg"": 2.429402914050644, ""learning_rate"": 0.17448635373214968}",0.8034883720930233,0.706125876129903,0.7777777777777778,0.7307692307692307,0.475,0.9186046511627907,0.5757575757575758,0.45274406833578495,0.17345901566534466
17,59,Model_B_lightgbm,B,lightgbm,33,0.870550338671144,"{""colsample_bytree"": 0.9646042390343581, ""learning_rate"": 0.1937857793893164, ""min_child_samples"": 39, ""n_estimators"": 281, ""num_leaves"": 44, ""reg_alpha"": 3.8539199133966195, ""reg_lambda"": 4.796771343888981, ""subsample"": 0.6152294833656631}",0.8139534883720931,0.7222887068805822,0.7936507936507936,0.6458333333333334,0.775,0.8023255813953488,0.7045454545454546,0.5533910141031936,0.16047343555589613
17,59,Model_B_random_forest,B,random_forest,33,0.853892741476634,"{""class_weight"": ""balanced"", ""max_depth"": 3, ""min_samples_leaf"": 3, ""min_samples_split"": 16, ""n_estimators"": 195}",0.8761627906976744,0.8035687559046577,0.7698412698412699,0.5932203389830508,0.875,0.7209302325581395,0.7070707070707071,0.5559186353717613,0.18174555363299122
17,59,Model_B_xgboost,B,xgboost,33,0.8563089418794116,"{""colsample_bytree"": 0.8036379916199171, ""gamma"": 0.4453421368919056, ""learning_rate"": 0.16091830668163154, ""max_depth"": 4, ""min_child_weight"": 3, ""n_estimators"": 126, ""scale_pos_weight"": 2.827218302596496, ""subsample"": 0.9230823930370987}",0.7622093023255814,0.6759842819921402,0.6825396825396826,0.5,0.625,0.7093023255813954,0.5555555555555556,0.31807301148710326,0.2127789078270197
18,60,Model_A_catboost,A,catboost,20,0.886328119549596,"{""depth"": 7, ""iterations"": 272, ""l2_leaf_reg"": 8.5145536215665, ""learning_rate"": 0.03597415930270197}",0.8421511627906976,0.7490409521822633,0.8174603174603174,0.7741935483870968,0.6,0.9186046511627907,0.676056338028169,0.5604965957481842,0.13863120762733397
18,60,Model_A_lightgbm,A,lightgbm,20,0.8761269012946865,"{""colsample_bytree"": 0.6300015607529703, ""learning_rate"": 0.047957893773625644, ""min_child_samples"": 18, ""n_estimators"": 358, ""num_leaves"": 139, ""reg_alpha"": 1.8064890511180431, ""reg_lambda"": 2.2269457548116636, ""subsample"": 0.7249932853296803}",0.8354651162790698,0.7418786596559537,0.7936507936507936,0.7058823529411765,0.6,0.8837209302325582,0.6486486486486487,0.5072718100077839,0.14381053480792658
18,60,Model_A_random_forest,A,random_forest,20,0.8799686366800461,"{""class_weight"": ""balanced_subsample"", ""max_depth"": 8, ""min_samples_leaf"": 3, ""min_samples_split"": 8, ""n_estimators"": 111}",0.8537790697674418,0.7653447093902229,0.8015873015873016,0.6829268292682927,0.7,0.8488372093023255,0.691358024691358,0.5452822709354272,0.13627790132712453
18,60,Model_A_xgboost,A,xgboost,20,0.8535669768891245,"{""colsample_bytree"": 0.6654058762827448, ""gamma"": 0.3429862561669724, ""learning_rate"": 0.011538311141318484, ""max_depth"": 8, ""min_child_weight"": 3, ""n_estimators"": 122, ""scale_pos_weight"": 2.8579385868644938, ""subsample"": 0.6622733124812149}",0.8561046511627907,0.7627942188756304,0.7301587301587301,0.5454545454545454,0.9,0.6511627906976745,0.6792452830188679,0.5137023101222605,0.20127947119499368
18,60,Model_B_catboost,B,catboost,33,0.8918814271163265,"{""depth"": 4, ""iterations"": 212, ""l2_leaf_reg"": 9.98146691870194, ""learning_rate"": 0.20029355712689897}",0.8151162790697674,0.7260426723992425,0.7698412698412699,0.6896551724137931,0.5,0.8953488372093024,0.5797101449275363,0.43719463208313475,0.16297078952716879
18,60,Model_B_lightgbm,B,lightgbm,33,0.8772588411850156,"{""colsample_bytree"": 0.8068911166285169, ""learning_rate"": 0.29649963070107616, ""min_child_samples"": 49, ""n_estimators"": 296, ""num_leaves"": 58, ""reg_alpha"": 4.940066978535481, ""reg_lambda"": 1.0212601635477614, ""subsample"": 0.7425148319142824}",0.8412790697674418,0.750062648044039,0.7777777777777778,0.6428571428571429,0.675,0.8255813953488372,0.6585365853658537,0.4942988927246724,0.14592801432924563
18,60,Model_B_random_forest,B,random_forest,33,0.8563163059807354,"{""class_weight"": null, ""max_depth"": 7, ""min_samples_leaf"": 2, ""min_samples_split"": 19, ""n_estimators"": 387}",0.8546511627906976,0.7650479615041038,0.7857142857142857,0.6181818181818182,0.85,0.7558139534883721,0.7157894736842105,0.5686014648962336,0.15438016145502076
18,60,Model_B_xgboost,B,xgboost,33,0.8594840323028243,"{""colsample_bytree"": 0.7553126689358343, ""gamma"": 0.2451629680335882, ""learning_rate"": 0.14962116797448663, ""max_depth"": 9, ""min_child_weight"": 1, ""n_estimators"": 374, ""scale_pos_weight"": 1.5546464191494043, ""subsample"": 0.940732957988712}",0.7639534883720931,0.6704878056574367,0.6904761904761905,0.5106382978723404,0.6,0.7325581395348837,0.5517241379310345,0.32009900822732007,0.20061143467974904
19,61,Model_A_catboost,A,catboost,20,0.8866763640253573,"{""depth"": 5, ""iterations"": 381, ""l2_leaf_reg"": 5.459019812986009, ""learning_rate"": 0.010291824580583496}",0.8587209302325582,0.7540861409430474,0.8095238095238095,0.7105263157894737,0.675,0.872093023255814,0.6923076923076923,0.5548904666277648,0.1341358046056942
19,61,Model_A_lightgbm,A,lightgbm,20,0.87088811837134,"{""colsample_bytree"": 0.6403467177224064, ""learning_rate"": 0.09028722651324836, ""min_child_samples"": 46, ""n_estimators"": 396, ""num_leaves"": 128, ""reg_alpha"": 1.0783406839213006, ""reg_lambda"": 4.038939030583169, ""subsample"": 0.9812101615930235}",0.8087209302325582,0.6868553714441822,0.753968253968254,0.6285714285714286,0.55,0.8488372093023255,0.5866666666666667,0.4144958357490573,0.16750995188673654
19,61,Model_A_random_forest,A,random_forest,20,0.8780780005612221,"{""class_weight"": ""balanced"", ""max_depth"": 7, ""min_samples_leaf"": 2, ""min_samples_split"": 12, ""n_estimators"": 474}",0.8616279069767442,0.780847225512578,0.8095238095238095,0.6904761904761905,0.725,0.8488372093023255,0.7073170731707317,0.5666353160502342,0.1374426588612336
19,61,Model_A_xgboost,A,xgboost,20,0.8531981904465127,"{""colsample_bytree"": 0.6702606291034318, ""gamma"": 0.1941979352186041, ""learning_rate"": 0.01076172926440708, ""max_depth"": 7, ""min_child_weight"": 1, ""n_estimators"": 248, ""scale_pos_weight"": 1.2225293734896114, ""subsample"": 0.7641509218919392}",0.8398255813953488,0.7376852855953783,0.7777777777777778,0.65,0.65,0.8372093023255814,0.65,0.4872093023255814,0.14564349307948446
19,61,Model_B_catboost,B,catboost,33,0.8687903184547481,"{""depth"": 6, ""iterations"": 304, ""l2_leaf_reg"": 4.4846579990135105, ""learning_rate"": 0.08769601488660618}",0.8122093023255814,0.6920408735938776,0.7936507936507936,0.7692307692307693,0.5,0.9302325581395349,0.6060606060606061,0.49487534795935134,0.1663474492470914
19,61,Model_B_lightgbm,B,lightgbm,33,0.867224671754873,"{""colsample_bytree"": 0.7664774612959242, ""learning_rate"": 0.1674792618424647, ""min_child_samples"": 42, ""n_estimators"": 313, ""num_leaves"": 141, ""reg_alpha"": 0.6422720810579194, ""reg_lambda"": 1.011987228226107, ""subsample"": 0.7121230334765685}",0.7642441860465116,0.6744345324354615,0.6904761904761905,0.5111111111111111,0.575,0.7441860465116279,0.5411764705882353,0.3100804263429628,0.20060489924961059
19,61,Model_B_random_forest,B,random_forest,33,0.8593972134240591,"{""class_weight"": ""balanced_subsample"", ""max_depth"": 11, ""min_samples_leaf"": 8, ""min_samples_split"": 15, ""n_estimators"": 52}",0.868313953488372,0.7712075570660003,0.7857142857142857,0.6181818181818182,0.85,0.7558139534883721,0.7157894736842105,0.5686014648962336,0.15362187146732717
19,61,Model_B_xgboost,B,xgboost,33,0.8570941876311003,"{""colsample_bytree"": 0.6506386055465992, ""gamma"": 0.20646228082941184, ""learning_rate"": 0.015562491500692728, ""max_depth"": 7, ""min_child_weight"": 5, ""n_estimators"": 123, ""scale_pos_weight"": 3.763177495552091, ""subsample"": 0.6211346640183862}",0.8502906976744186,0.747555905765202,0.5634920634920635,0.4157303370786517,0.925,0.3953488372093023,0.5736434108527132,0.32742098288255733,0.2748346770401484
20,62,Model_A_catboost,A,catboost,20,0.8892014756108716,"{""depth"": 5, ""iterations"": 107, ""l2_leaf_reg"": 2.223131200941938, ""learning_rate"": 0.10777547454802018}",0.8273255813953488,0.7299865689119296,0.8015873015873016,0.8,0.5,0.9418604651162791,0.6153846153846154,0.5157433957772213,0.14977372981820383
20,62,Model_A_lightgbm,A,lightgbm,20,0.8798725157785561,"{""colsample_bytree"": 0.9603704314373087, ""learning_rate"": 0.07940701166135321, ""min_child_samples"": 41, ""n_estimators"": 243, ""num_leaves"": 88, ""reg_alpha"": 0.78392005877029, ""reg_lambda"": 2.385853772567375, ""subsample"": 0.6561783181641309}",0.8148255813953488,0.6950133265131868,0.7857142857142857,0.696969696969697,0.575,0.8837209302325582,0.6301369863013698,0.4856566427884831,0.1636927242512961
20,62,Model_A_random_forest,A,random_forest,20,0.8764245660218815,"{""class_weight"": null, ""max_depth"": 14, ""min_samples_leaf"": 4, ""min_samples_split"": 3, ""n_estimators"": 84}",0.8488372093023256,0.7654410709231856,0.8015873015873016,0.6829268292682927,0.7,0.8488372093023255,0.691358024691358,0.5452822709354272,0.1410223150849014
20,62,Model_A_xgboost,A,xgboost,20,0.8432062677029121,"{""colsample_bytree"": 0.6000474269962953, ""gamma"": 0.15049271610212595, ""learning_rate"": 0.01301099766284967, ""max_depth"": 6, ""min_child_weight"": 5, ""n_estimators"": 329, ""scale_pos_weight"": 1.9250042539494945, ""subsample"": 0.6005602312268334}",0.8575581395348838,0.7722905691205061,0.7698412698412699,0.6,0.825,0.7441860465116279,0.6947368421052632,0.5342234492643116,0.15387082933268595
20,62,Model_B_catboost,B,catboost,33,0.8748149285062037,"{""depth"": 6, ""iterations"": 412, ""l2_leaf_reg"": 5.582227422627917, ""learning_rate"": 0.10623603307234028}",0.8078488372093022,0.7044078251999258,0.7777777777777778,0.75,0.45,0.9302325581395349,0.5625,0.4507365912505911,0.17024697958146776
20,62,Model_B_lightgbm,B,lightgbm,33,0.8724586098747172,"{""colsample_bytree"": 0.6989000275930326, ""learning_rate"": 0.11256386405608299, ""min_child_samples"": 46, ""n_estimators"": 460, ""num_leaves"": 69, ""reg_alpha"": 3.2380949945640416, ""reg_lambda"": 2.300919025453748, ""subsample"": 0.7355093814613317}",0.8235465116279069,0.7452436974102992,0.7698412698412699,0.6170212765957447,0.725,0.7906976744186046,0.6666666666666666,0.4963773082126449,0.16099248345318215
20,62,Model_B_random_forest,B,random_forest,33,0.8492808761265137,"{""class_weight"": ""balanced_subsample"", ""max_depth"": 3, ""min_samples_leaf"": 1, ""min_samples_split"": 14, ""n_estimators"": 212}",0.8694767441860466,0.7757414583045422,0.7619047619047619,0.5833333333333334,0.875,0.7093023255813954,0.7,0.5445894743384724,0.1721012799943087
20,62,Model_B_xgboost,B,xgboost,33,0.8521811692952632,"{""colsample_bytree"": 0.8130294860735005, ""gamma"": 0.1044082412951973, ""learning_rate"": 0.01043095880788906, ""max_depth"": 9, ""min_child_weight"": 5, ""n_estimators"": 398, ""scale_pos_weight"": 1.5199860151562101, ""subsample"": 0.7331566176589219}",0.8203488372093023,0.7366646650578843,0.7380952380952381,0.5614035087719298,0.8,0.7093023255813954,0.6597938144329897,0.4763135181916998,0.17356408391424677
